ID,Sex,A106.1,A106.2,A208.1,A208.2,A216.1,A216.2,A339.1,A339.2,B003.1,B003.2,B010.1,B010.2,B203.1,B203.2,B207.1,B207.2,B210.1,B210.2,B303.1,B303.2,C010.1,C010.2,C108.1,C108.2,C112.1,C112.2,C209.1,C209.2,C217.1,C217.2,D012.1,D012.2,D103.1,D103.2,D217.1,D217.2,FCA008.1,FCA008.2,FCA023.1,FCA023.2,FCA026.1,FCA026.2,FCA035.1,FCA035.2,F037.1,F037.2,FCA043.1,FCA043.2,FCA052.1,FCA052.2,FCA057.1,FCA057.2,FCA077.1,FCA077.2,FCA078.1,FCA078.2,FCA081.1,FCA081.2,FCA082.1,FCA082.2,FCA090.1,FCA090.2,FCA096.1,FCA096.2,FCA126.1,FCA126.2,FCA132.1,FCA132.2,FCA144.1,FCA144.2,F146.1,F146.2,FCA149.1,FCA149.2,FCA176.1,FCA176.2,FCA221.1,FCA221.2,FCA229.1,FCA229.2,FCA254.1,FCA254.2,FCA290.1,FCA290.2,FCA391.1,FCA391.2,FCA424.1,FCA424.2,PcoA2.1,PcoA2.2,PcoD8.1,PcoD8.2,PcoB115.1,PcoB115.2,PcoB323.1,PcoB323.2,PcoB105.1,PcoB105.2,PcoD221.1,PcoD221.2,PcoB324.1,PcoB324.2,PcoD301.1,PcoD301.2,Pco329.1,Pco329.2,PcoD310.1,PcoD310.2
P03,M,243,243,190,192,250,250,271,271,283,285,219,219,291,303,307,323,175,175,256,256,285,285,128,128,150,150,257,265,236,236,290,298,267,267,252,252,149,149,138,138,151,151,124,124,235,235,121,133,120,122,153,153,127,131,188,188,124,128,247,247,109,119,191,191,136,146,163,175,179,179,143,143,131,131,216,216,181,181,161,171,164,164,232,236,192,196,186,190,200,212,284,288,213,213,158,162,170,178,179,179,236,236,251,255,213,213,191,195
P04,F,243,243,190,190,250,250,271,271,283,283,205,219,291,303,307,323,175,175,256,256,285,285,128,128,150,150,257,257,236,236,290,302,267,283,248,252,149,149,138,142,151,151,124,124,235,235,121,131,120,122,153,153,127,131,188,188,124,128,247,247,109,115,191,191,136,144,163,175,179,193,139,143,131,131,216,216,171,181,161,171,160,164,232,236,196,196,186,190,196,200,276,288,213,213,158,158,162,170,175,179,236,236,251,263,213,213,191,195
P16,M,243,243,190,190,250,250,271,271,283,283,205,205,291,291,307,323,169,175,254,256,285,285,128,128,150,150,257,265,236,236,298,298,283,283,248,252,149,161,138,142,151,151,124,124,235,243,131,131,114,122,153,161,127,131,188,188,124,124,247,247,107,115,209,209,144,144,189,189,179,193,139,143,131,131,218,218,167,171,161,167,164,170,230,230,196,198,182,182,200,212,272,276,213,213,154,158,170,170,175,183,236,236,247,255,213,213,191,195
P21,M,243,243,190,190,250,250,271,271,283,283,205,219,291,303,307,323,169,175,256,256,285,285,128,128,150,150,265,265,236,236,298,298,267,283,248,252,161,161,138,138,151,151,124,124,235,243,121,131,114,122,153,161,131,131,188,188,124,128,247,247,107,119,191,209,144,144,189,189,179,179,139,139,131,131,218,218,167,175,161,167,164,164,230,238,196,196,182,190,200,200,272,288,189,213,154,162,170,178,175,183,236,236,255,255,213,213,191,195
PC,M,251,251,190,190,250,254,271,271,283,283,205,219,291,291,307,323,175,175,256,256,285,285,124,128,150,150,257,257,236,236,298,298,279,283,252,256,149,161,138,142,151,153,124,124,235,239,121,131,114,114,155,155,127,127,188,188,122,124,247,247,115,115,201,201,142,142,175,189,193,195,139,139,131,131,218,218,171,171,161,171,164,164,230,236,196,196,182,190,196,200,272,276,209,209,158,162,162,178,179,183,236,236,255,263,217,217,191,195
PF,M,243,243,190,190,250,250,271,271,283,283,205,219,291,291,307,323,175,175,254,256,285,285,128,128,150,150,257,265,236,236,298,298,267,283,248,252,149,161,138,142,151,151,124,124,243,243,131,131,114,122,161,161,127,131,188,188,124,124,247,247,107,107,209,209,144,146,189,189,179,195,139,143,131,131,218,218,167,171,167,169,162,164,232,238,196,200,182,182,200,200,272,276,189,213,154,158,170,178,183,183,236,236,247,255,213,213,191,195
PVH001,F,243,243,192,192,250,250,269,271,283,285,205,205,291,291,307,323,167,175,256,256,281,281,124,128,150,158,257,257,232,236,298,298,283,283,248,252,149,149,142,142,151,151,136,136,235,239,121,131,114,120,153,161,127,131,188,188,120,122,241,247,115,119,201,201,142,144,175,175,193,195,139,143,131,133,216,218,175,175,167,167,164,164,230,230,194,196,182,182,192,192,NA,NA,213,213,154,154,170,170,179,183,NA,NA,251,263,217,217,191,191
PVH011,M,243,251,190,194,250,250,269,271,279,279,219,219,291,291,323,323,167,167,256,256,285,285,124,128,162,162,265,265,236,236,298,298,275,275,248,256,149,149,142,142,151,151,136,136,239,239,131,133,114,118,157,161,127,131,186,188,124,124,247,247,109,115,191,201,142,144,175,181,193,193,139,139,131,133,218,218,175,175,167,167,162,164,236,236,194,196,182,190,192,196,272,272,213,213,154,154,162,162,183,183,236,236,247,255,209,221,187,187
PVH002,F,243,243,192,192,250,250,269,269,285,285,205,205,291,291,307,307,175,175,256,256,281,285,124,128,158,158,257,265,232,232,298,302,267,283,248,248,149,149,142,142,151,153,136,136,239,243,121,131,114,122,161,161,127,131,188,188,124,124,241,247,115,115,201,201,144,144,175,175,193,195,139,143,131,133,218,218,171,175,167,167,162,164,230,230,194,194,182,182,192,200,276,276,213,213,154,154,162,170,183,183,236,236,247,255,217,221,187,199
PVH003,F,243,243,192,192,250,250,269,271,283,285,205,205,291,291,307,307,175,175,256,256,281,281,128,128,150,158,257,265,232,232,298,298,275,283,248,252,149,149,142,142,151,151,136,136,235,239,131,131,114,114,153,161,127,131,188,188,120,124,241,247,115,119,201,205,142,144,175,175,193,195,143,143,131,133,216,218,171,175,167,167,164,164,230,230,194,194,182,182,192,200,276,276,213,213,154,154,170,170,183,183,236,236,247,255,217,221,191,199
PVH004,M,243,243,190,190,250,250,271,271,283,283,205,219,291,291,307,307,169,175,254,256,285,285,128,128,150,150,265,265,236,236,298,298,283,283,248,252,161,161,138,142,151,151,124,124,235,243,131,131,114,120,153,161,127,131,188,188,124,124,247,247,115,119,191,209,144,144,189,189,179,195,139,143,131,131,218,218,171,175,161,167,162,164,230,230,194,196,182,182,200,212,272,288,213,213,158,162,170,170,179,183,236,236,255,263,213,213,195,195
PVH005,F,243,243,194,194,250,250,271,271,279,283,205,225,291,291,307,323,175,179,256,256,277,285,128,128,150,150,257,265,236,236,298,298,267,267,248,252,149,161,142,142,151,153,124,136,231,235,121,131,114,120,153,159,127,131,186,188,124,128,241,247,115,115,201,209,142,142,175,175,195,195,139,139,131,131,218,218,171,175,161,167,170,170,230,230,194,196,182,182,196,212,272,276,189,213,154,158,170,178,183,183,248,248,251,255,217,217,191,191
PVH007,F,243,243,192,194,250,250,269,269,285,285,205,225,291,291,307,307,175,175,256,256,281,285,124,128,158,158,265,265,232,232,298,298,267,267,248,252,149,149,142,142,151,151,136,136,239,243,131,133,114,114,159,161,127,127,188,188,120,120,247,247,115,115,201,201,144,144,175,175,193,195,143,143,133,133,218,218,167,175,167,167,162,164,230,230,194,194,190,190,192,192,NA,NA,213,213,154,154,162,170,183,183,236,236,247,255,221,221,187,199
PVH008,F,243,243,192,194,250,250,269,269,285,285,205,225,291,291,307,307,175,175,256,256,281,285,128,128,158,158,257,265,232,232,298,302,267,267,248,248,149,149,142,142,151,153,136,136,239,243,121,131,114,114,159,161,127,127,188,188,120,120,247,247,115,115,201,205,144,144,175,175,195,195,143,143,133,133,218,218,175,175,167,167,164,164,230,230,194,196,190,190,192,192,276,276,213,213,154,162,162,170,183,183,236,236,247,247,221,221,199,199
