Female Simulated,2 SA with P19 and P13 / P12 and P22,2 Kittens with P23 and P13 / P12 and P22,,,,,,,,,,,,,,,,,,,,,,,,,,,,,,,,,,,,,,,,,,,,,,,,,,,,,,,,,,,,,,,,,,,,,,,,,,,,,,,,,,,,,,,,,,,,,,,,,,,,,,,,,,,,
Male Simulated,2 Kittens with P23 and P13 / P12 and P22,,,,,,,,,,,,,,,,,,,,,,,,,,,,,,,,,,,,,,,,,,,,,,,,,,,,,,,,,,,,,,,,,,,,,,,,,,,,,,,,,,,,,,,,,,,,,,,,,,,,,,,,,,,,,
ID,Sex,Age,A106,,A208,,A216,,A339,,B003,,B010,,B203,,B207,,B210,,B303,,C010,,C108,,C112,,C209,,C217,,D012,,D103,,D217,,FCA008,,FCA023,,FCA026,,FCA035,,F037,,FCA043,,FCA052,,FCA057,,FCA077,,FCA078,,FCA081,,FCA082,,FCA090,,FCA096,,FCA126,,FCA132,,FCA144,,F146,,FCA149,,FCA176,,FCA221,,FCA229,,FCA254,,FCA290,,FCA391,,FCA424,,PcoA2,,PcoD8,,PcoB115,,PcoB323,,PcoB105,,PcoD221,,PcoB324,,PcoD301,,Pco329,,PcoD310,
P07,F,Adult,243,251,190,192,250,250,271,271,283,285,219,219,291,303,307,307,167,175,256,256,285,285,124,124,150,150,257,265,236,236,298,302,267,267,248,252,149,149,142,142,151,151,124,124,235,235,121,131,120,122,153,153,127,127,188,188,122,124,247,247,119,119,191,191,144,146,163,189,193,193,139,139,131,131,218,218,171,181,161,161,160,160,232,236,192,196,182,182,196,200,276,276,213,213,158,158,170,178,179,179,236,236,251,255,221,225,191,195
P12,M,Adult,243,243,190,190,250,250,271,271,283,283,205,205,291,291,307,323,169,175,256,256,285,285,124,128,150,150,257,265,236,236,298,302,283,283,252,252,149,161,138,142,151,151,124,124,235,243,131,131,114,120,153,153,127,131,186,188,124,128,247,247,107,115,209,209,136,144,175,189,179,179,139,139,131,131,216,218,175,181,167,171,164,170,230,240,196,200,182,190,200,200,276,288,189,213,158,162,170,170,175,183,236,236,255,263,213,213,191,191
P13,F,Adult,251,251,190,190,250,254,271,271,285,285,205,219,291,303,307,307,175,175,256,256,285,285,124,124,150,150,257,265,236,236,298,302,267,283,252,256,149,149,142,142,151,151,124,124,235,235,121,131,118,120,153,153,127,127,188,188,122,124,247,247,119,119,191,191,144,146,187,189,193,193,139,139,131,131,216,218,171,181,161,161,164,164,232,232,196,196,190,190,200,200,276,284,205,213,158,158,170,178,175,179,236,236,251,251,213,213,191,191
P19,F,Adult,243,251,190,190,250,254,271,271,283,285,205,219,291,291,307,307,169,175,256,256,285,285,124,128,150,150,265,265,236,236,302,302,283,283,252,256,149,149,142,142,151,151,124,124,235,243,121,131,120,120,153,153,127,131,188,188,122,128,247,247,107,119,191,209,144,144,187,189,179,193,139,139,131,131,216,218,171,181,161,171,164,170,232,240,196,196,182,190,200,200,276,288,205,213,158,162,170,178,179,183,236,236,251,255,213,213,191,191
P22,M,Adult,243,251,190,192,250,254,271,271,283,283,219,219,303,303,307,323,167,175,256,256,285,285,124,124,150,150,257,257,236,236,298,302,267,267,248,256,149,149,142,142,151,151,124,124,235,235,131,131,120,120,153,153,127,127,188,188,122,124,247,247,119,119,191,191,146,146,175,187,193,193,139,139,131,131,216,218,181,181,161,161,160,164,232,232,196,196,182,182,200,200,276,284,213,213,158,158,162,170,179,179,236,236,251,259,213,221,191,195
P23,F,Adult,243,243,190,190,250,250,271,271,283,285,205,219,291,291,307,323,169,175,256,256,285,285,124,124,150,150,257,265,236,236,302,302,283,283,252,256,149,161,138,142,151,151,124,124,243,243,131,131,114,120,153,153,127,127,186,188,122,124,247,247,107,107,209,209,136,144,175,189,179,179,139,139,131,131,216,218,175,181,167,171,164,170,240,240,196,196,190,190,200,200,276,288,189,205,158,162,170,178,175,179,236,236,255,263,213,213,191,191
P24,M,SubAdult,243,251,190,190,250,250,271,271,283,285,205,205,291,291,307,307,169,175,256,256,285,285,124,128,150,150,257,265,236,236,298,302,283,283,252,252,149,161,138,142,151,151,124,124,235,235,131,131,114,120,153,153,127,131,186,188,124,128,247,247,107,119,209,209,136,144,187,189,179,179,139,139,131,131,216,216,171,175,161,167,164,170,230,232,196,196,190,190,200,200,276,288,189,205,162,162,170,170,175,183,236,236,255,255,213,213,191,191
P25,F,Adult,243,251,190,190,250,250,271,271,283,285,205,219,291,291,307,323,175,175,256,256,285,285,124,124,150,150,257,265,236,236,298,298,267,283,252,252,149,149,142,142,151,151,124,124,235,243,131,131,118,120,153,153,127,127,186,188,122,124,247,247,115,119,191,209,136,146,175,187,179,193,139,139,131,131,216,218,181,181,161,171,164,170,232,240,196,196,182,190,200,200,276,276,189,213,158,162,170,178,179,183,236,236,251,263,213,213,191,191
P26,M,SubAdult,243,251,190,190,250,254,271,271,283,285,205,219,291,303,307,307,175,175,256,256,285,285,124,128,150,150,257,265,236,236,302,302,283,283,252,252,149,161,142,142,151,151,124,124,235,243,121,131,114,118,153,153,127,131,186,188,122,124,247,247,115,119,191,209,136,146,175,187,179,193,139,139,131,131,218,218,171,181,161,171,164,170,232,240,196,196,182,190,200,200,276,288,189,205,158,158,170,170,179,183,236,236,251,263,213,213,191,191
